'name','inchi'
'AC3H5OOH','InChI=1S/C3H6O2/c1-2-3-5-4/h2,4H,1,3H2'
'AC4H7OOH','InChI=1S/C4H8O2/c1-3-4-6-5-2/h3H,1,4H2,2H3'
'AR','InChI=1S/Ar'
'C','InChI=1S/C'
'C10H8','InChI=1S/C10H8/c1-2-6-10-8-4-3-7-9(10)5-1/h1-8H'
'C2H','InChI=1S/C2H/c1-2/h1H'
'C2H2','InChI=1S/C2H2/c1-2/h1-2H'
'C2H3','InChI=1S/C2H3/c1-2/h1H,2H2'
'C2H3CHO','InChI=1S/C3H4O/c1-2-3-4/h2-3H,1H2'
'C2H3O1-2','InChI=1S/C2H3O/c1-2-3-1/h1H,2H2'
'C2H4','InChI=1S/C2H4/c1-2/h1-2H2'
'C2H4O1-2','InChI=1S/C2H4O/c1-2-3-1/h1-2H2'
'C2H4O2H','InChI=1S/C2H5O2/c1-2-4-3/h3H,1-2H2'
'C2H5','InChI=1S/C2H5/c1-2/h1H2,2H3'
'C2H5CHO','InChI=1S/C3H6O/c1-2-3-4/h3H,2H2,1H3'
'C2H5O','InChI=1S/C2H5O/c1-2-3/h2H2,1H3'
'C2H5O2','InChI=1S/C2H5O2/c1-2-4-3/h2H2,1H3'
'C2H5O2H','InChI=1S/C2H6O2/c1-2-4-3/h3H,2H2,1H3'
'C2H5OH','InChI=1S/C2H6O/c1-2-3/h3H,2H2,1H3'
'C2H6','InChI=1S/C2H6/c1-2/h1-2H3'
'C3H2','InChI=1S/C3H2/c1-3-2/h1-2H'
'C3H3','InChI=1S/C3H3/c1-3-2/h1H,2H2'
'C3H4-A','InChI=1S/C3H4/c1-3-2/h1-2H2'
'C3H4-P','InChI=1S/C3H4/c1-3-2/h1H,2H3'
'C3H5-A','InChI=1S/C3H5/c1-3-2/h3H,1-2H2'
'C3H5O','InChI=1S/C3H5O/c1-2-3-4/h2H,1,3H2'
'C3H5OH','InChI=1S/C3H6O/c1-2-3-4/h2,4H,1,3H2'
'C3H5-S','InChI=1S/C3H5/c1-3-2/h1,3H,2H3'
'C3H5-T','InChI=1S/C3H5/c1-3-2/h1H2,2H3'
'C3H6','InChI=1S/C3H6/c1-3-2/h3H,1H2,2H3'
'C3H6O','InChI=1S/C3H6O/c1-3(2)4/h1-2H3'
'C3H6OH1-2','InChI=1S/C3H6O/c1-3-2-4-3/h3H,2H2,1H3'
'C3H6OH2-1','InChI=1S/C3H7O/c1-3(2)4/h3-4H,1H2,2H3'
'C3H8','InChI=1S/C3H8/c1-3-2/h3H2,1-2H3'
'C4H2','InChI=1S/C4H2/c1-3-4-2/h1-2H'
'C4H3','InChI=1S/C4H3/c1-3-4-2/h1H,2H2'
'C4H4','InChI=1S/C4H4/c1-3-4-2/h1,4H,2H2'
'C4H5','InChI=1S/C4H5/c1-3-4-2/h1,3-4H,2H2'
'C4H6','InChI=1S/C4H6/c1-3-4-2/h3-4H,1-2H2'
'C4H71-3','InChI=1S/C4H7/c1-3-4-2/h3-4H,1H2,2H3'
'C4H71-4','InChI=1S/C4H7/c1-3-4-2/h3H,1-2,4H2'
'C4H71-O','InChI=1S/C4H7O/c1-3-4(2)5/h3-4H,1H2,2H3'
'C4H8-1','InChI=1S/C4H8/c1-3-4-2/h3H,1,4H2,2H3'
'C4H8-2','InChI=1S/C4H8/c1-3-4-2/h3-4H,1-2H3'
'C5H4O','InChI=1S/C5H4O/c6-5-3-1-2-4-5/h1-4H'
'C5H4OH','InChI=1S/C5H5O/c6-5-3-1-2-4-5/h1-4,6H'
'C5H5','InChI=1S/C5H5/c1-2-4-5-3-1/h1-5H'
'MCPTD','InChI=1S/C6H8/c1-6-4-2-3-5-6/h2-4H,5H2,1H3'
'FULVENE','InChI=1S/C6H6/c1-6-4-2-3-5-6/h2-5H,1H2'
'C5H5O','InChI=1S/C5H5O/c6-5-3-1-2-4-5/h1-5H'
'C5H5OH','InChI=1S/C5H6O/c6-5-3-1-2-4-5/h1-6H'
'C5H6','InChI=1S/C5H6/c1-2-4-5-3-1/h1-4H,5H2'
'C6H5','InChI=1S/C6H5/c1-2-4-6-5-3-1/h1-5H'
'C6H6','InChI=1S/C6H6/c1-2-4-6-5-3-1/h1-6H'
'CH','InChI=1S/CH/h1H'
'CH2','InChI=1S/CH2/h1H2'
'CH2(S)','InChI=1S/CH2/h1H2'
'CH2CCH2OH','InChI=1S/C3H5O/c1-2-3-4/h4H,1,3H2'
'CH2CH2CHO','InChI=1S/C3H5O/c1-2-3-4/h3H,1-2H2'
'CH2CHO','InChI=1S/C2H3O/c1-2-3/h2H,1H2'
'CH2CO','InChI=1S/C2H2O/c1-2-3/h1H2'
'CH2O','InChI=1S/CH2O/c1-2/h1H2'
'CH2OH','InChI=1S/CH3O/c1-2/h2H,1H2'
'CH2OHCHO','InChI=1S/C2H4O2/c1-2-4-3/h2-3H,1H2'
'C2H4O3','InChI=1S/C2H4O3/c1-2(3)5-4/h4H,1H3'
'C2H4O2','InChI=1S/C2H4O2/c3-1-2-4/h1,4H,2H2'
'CH3','InChI=1S/CH3/h1H3'
'CH3CHCHO','InChI=1S/C3H5O/c1-2-3-4/h2-3H,1H3'
'CH3CHCO','InChI=1S/C3H4O/c1-2-3-4/h2H,1H3'
'CH3CHO','InChI=1S/C2H4O/c1-2-3/h2H,1H3'
'CH3CO','InChI=1S/C2H3O/c1-2-3/h1H3'
'CH3CO3','InChI=1S/C2H3O3/c1-2(3)5-4/h1H3'
'CH3CO3H','InChI=1S/C2H4O3/c1-2(3)5-4/h4H,1H3'
'CH3COCH2','InChI=1S/C3H5O/c1-3(2)4/h1H2,2H3'
'CH3COCH3','InChI=1S/C3H6O/c1-3(2)4/h1-2H3'
'CH3O','InChI=1S/CH3O/c1-2/h1H3'
'CH3O2','InChI=1S/CH3O2/c1-3-2/h1H3'
'CH3O2H','InChI=1S/CH4O2/c1-3-2/h2H,1H3'
'CH3OCHO','InChI=1S/C2H4O2/c1-4-2-3/h2H,1H3'
'CH3OCO','InChI=1S/C2H3O2/c1-4-2-3/h1H3'
'CH3OH','InChI=1S/CH4O/c1-2/h2H,1H3'
'CH4','InChI=1S/CH4/h1H4'
'CHOCHO','InChI=1S/C2H2O2/c3-1-2-4/h1-2H'
'CO','InChI=1S/CO/c1-2'
'CO2','InChI=1S/CO2/c2-1-3'
'C5H4CH2','InChI=1S/C6H6/c1-6-4-2-3-5-6/h2-5H,1H2'
'H','InChI=1S/H'
'H2','InChI=1S/H2/h1H'
'H2O','InChI=1S/H2O/h1H2'
'H2O2','InChI=1S/H2O2/c1-2/h1-2H'
'HCCO','InChI=1S/C2HO/c1-2-3/h1H'
'HCO','InChI=1S/CHO/c1-2/h1H'
'HE','InChI=1S/He'
'HO2','InChI=1S/HO2/c1-2/h1H'
'HO2CH2CHO','InChI=1S/C2H4O3/c3-1-2-5-4/h1,4H,2H2'
'HO2CHO','InChI=1S/CH2O3/c2-1-4-3/h1,3H'
'HOC3H6O2','InChI=1S/C3H7O3/c1-3(2-4)6-5/h3-4H,2H2,1H3'
'HOCHO','InChI=1S/CH2O2/c2-1-3/h1H,(H,2,3)'
'HOCO','InChI=1S/CHO2/c2-1-3/h(H,2,3)'
'IC3H7','InChI=1S/C3H7/c1-3-2/h3H,1-2H3'
'IC4H10','InChI=1S/C4H10/c1-4(2)3/h4H,1-3H3'
'IC4H7','InChI=1S/C4H7/c1-4(2)3/h1-2H2,3H3'
'IC4H7O','InChI=1S/C4H7O/c1-4(2)3-5/h1,3H2,2H3'
'IC4H8','InChI=1S/C4H8/c1-4(2)3/h1H2,2-3H3'
'IC4H9','InChI=1S/C4H9/c1-4(2)3/h4H,1H2,2-3H3'
'N2','InChI=1S/N2/c1-2'
'NC3H7','InChI=1S/C3H7/c1-3-2/h1,3H2,2H3'
'NC4H10','InChI=1S/C4H10/c1-3-4-2/h3-4H2,1-2H3'
'O','InChI=1S/O'
'O2','InChI=1S/O2/c1-2'
'O2C2H4O2H','InChI=1S/C2H5O4/c3-5-1-2-6-4/h3H,1-2H2'
'OCHO','InChI=1S/CHO2/c2-1-3/h1H'
'OH','InChI=1S/HO/h1H'
'PC2H4OH','InChI=1S/C2H5O/c1-2-3/h3H,1-2H2'
'PC4H9','InChI=1S/C4H9/c1-3-4-2/h1,3-4H2,2H3'
'RALD3','InChI=1S/C3H5O/c1-2-3-4/h2H2,1H3'
'SC2H4OH','InChI=1S/C2H5O/c1-2-3/h2-3H,1H3'
'SC3H5OH','InChI=1S/C3H6O/c1-2-3-4/h2-4H,1H3'
'SC4H9','InChI=1S/C4H9/c1-3-4-2/h3H,4H2,1-2H3'
'TC4H9','InChI=1S/C4H9/c1-4(2)3/h1-3H3'
'C5H4O2','InChI=1S/C5H4O2/c6-4-5-2-1-3-7-5/h1-4H'
'CH3OCH3','InChI=1S/C2H6O/c1-3-2/h1-2H3'
'CH3OCH2','InChI=1S/C2H5O/c1-3-2/h1H2,2H3'
'DME-OO','InChI=1S/C2H5O3/c1-4-2-5-3/h2H2,1H3'
'DME-QOOH','InChI=1S/C2H5O3/c1-4-2-5-3/h3H,1-2H2'
'DME-OOQOOH','InChI=1S/C2H5O5/c3-6-1-5-2-7-4/h3H,1-2H2'
'DME-OQOOH','InChI=1S/C2H4O4/c3-1-5-2-6-4/h1,4H,2H2'
'OCH2OCHO','InChI=1S/C2H3O3/c3-1-5-2-4/h1H,2H2'
'HOCH2OCO','InChI=1S/C2H4O3/c3-1-5-2-4/h1,4H,2H2'
'HOCH2O','InChI=1S/CH3O2/c2-1-3/h2H,1H2'
'CH3OCH2O2H','InChI=1S/C2H6O3/c1-4-2-5-3/h3H,2H2,1H3'
'CH3OCH2O','InChI=1S/C2H5O2/c1-4-2-3/h2H2,1H3'
'HOCOOH','InChI=1S/CH4O3/c2-1-4-3/h2-3H,1H2'
'O2CHO','InChI=1S/CH2O3/c2-1-4-3/h1,3H'
'DMM','InChI=1S/C3H8O2/c1-4-3-5-2/h3H2,1-2H3'
'DMM-R1','InChI=1S/C3H7O2/c1-4-3-5-2/h1,3H2,2H3'
'DMM-R2','InChI=1S/C3H7O2/c1-4-3-5-2/h3H,1-2H3'
'DMM-RO21','InChI=1S/C3H7O4/c1-5-2-6-3-7-4/h2-3H2,1H3'
'DMM-RO22','InChI=1S/C3H7O4/c1-5-3(6-2)7-4/h3H,1-2H3'
'DMM-RO1','InChI=1S/C3H7O3/c1-5-3-6-2-4/h2-3H2,1H3'
'DMM-RO2','InChI=1S/C3H7O3/c1-5-3(4)6-2/h3H,1-2H3'
'DMM-ROOH1','InChI=1S/C3H8O4/c1-5-2-6-3-7-4/h4H,2-3H2,1H3'
'DMM-ROOH2','InChI=1S/C3H8O4/c1-5-3(6-2)7-4/h3-4H,1-2H3'
'DMM-QOOH1',' InChI=1S/C3H7O4/c1-5-2-6-3-7-4/h4H,1-3H2'
'DMM-QOOH2','InChI=1S/C3H7O4/c1-5-2-6-3-7-4/h2,4H,3H2,1H3'
'DMM-QOOH3','InChI=1S/C3H7O4/c1-5-3(6-2)7-4/h3-4H,1H2,2H3'
'DMM-O2QOOH1','InChI=1S/C3H7O6/c4-8-2-6-1-7-3-9-5/h4H,1-3H2'
'DMM-O2QOOH2','InChI=1S/C3H7O6/c1-6-3(9-5)7-2-8-4/h3-4H,2H2,1H3'
'DMM-O2QOOH3','InChI=1S/C3H7O6/c1-6-3(9-5)7-2-8-4/h3,5H,2H2,1H3'
'DMM-OQOOH1',' InChI=1S/C3H6O5/c4-1-6-2-7-3-8-5/h1,5H,2-3H2'
'DMM-OQOOH2','InChI=1S/C3H6O5/c1-6-3(8-5)7-2-4/h2-3,5H,1H3'
'DMM-OQOOH3','InChI=1S/C3H6O5/c1-6-3(4)7-2-8-5/h5H,2H2,1H3'
'DMM-cycleth1','InChI=1S/C3H6O3/c1-4-2-6-3-5-1/h1-3H2'
'DMM-cycleth2','InChI=1S/C3H6O3/c1-4-3-5-2-6-3/h3H,2H2,1H3'
'CH3OCOOH','InChI=1S/C2H4O3/c1-5-2(3)4/h1H3,(H,3,4)'
'CH2OCHO','InChI=1S/C2H3O2/c1-4-2-3/h2H,1H2'
