'name','smiles','inchi','mult','charge'
'IC4H7O','C=C(C)C[O]','InChI=1S/C4H7O/c1-4(2)3-5/h1,3H2,2H3',2,0
'CH3O2','CO[O]','InChI=1S/CH3O2/c1-3-2/h1H3',2,0
'MCPTD','CC1=CC=CC1','InChI=1S/C6H8/c1-6-4-2-3-5-6/h2-4H,5H2,1H3',1,0
'C3H5-S','[CH]=CC','InChI=1S/C3H5/c1-3-2/h1,3H,2H3',2,0
'PC4H9','[CH2]CCC','InChI=1S/C4H9/c1-3-4-2/h1,3-4H2,2H3',2,0
'DME-OO','COCO[O]','InChI=1S/C2H5O3/c1-4-2-5-3/h2H2,1H3',2,0
'C4H4','C#CC=C','InChI=1S/C4H4/c1-3-4-2/h1,4H,2H2',1,0
'DMM-R1','[CH2]OCOC','InChI=1S/C3H7O2/c1-4-3-5-2/h1,3H2,2H3',2,0
'CH3CO','C[C]=O','InChI=1S/C2H3O/c1-2-3/h1H3',2,0
'C4H3','C#C[C]=C','InChI=1S/C4H3/c1-3-4-2/h1H,2H2',2,0
'CH2OCHO','[CH2]OC=O','InChI=1S/C2H3O2/c1-4-2-3/h2H,1H2',2,0
'TC4H9','C[C](C)C','InChI=1S/C4H9/c1-4(2)3/h1-3H3',2,0
'CH3OCO','CO[C]=O','InChI=1S/C2H3O2/c1-4-2-3/h1H3',2,0
'CHOCHO','O=CC=O','InChI=1S/C2H2O2/c3-1-2-4/h1-2H',1,0
'C4H71-4','C=CC[CH2]','InChI=1S/C4H7/c1-3-4-2/h3H,1-2,4H2',2,0
'IC4H10','CC(C)C','InChI=1S/C4H10/c1-4(2)3/h4H,1-3H3',1,0
'C3H6','C=CC','InChI=1S/C3H6/c1-3-2/h3H,1H2,2H3',1,0
'DMM-RO2','COC([O])OC','InChI=1S/C3H7O3/c1-5-3(4)6-2/h3H,1-2H3',2,0
'O2CHO','O=COO','InChI=1S/CH2O3/c2-1-4-3/h1,3H',1,0
'DMM-O2QOOH1','OOCOCOCO[O]','InChI=1S/C3H7O6/c4-8-2-6-1-7-3-9-5/h4H,1-3H2',2,0
'OCH2OCHO','O=COC[O]','InChI=1S/C2H3O3/c3-1-5-2-4/h1H,2H2',2,0
'C3H8','CCC','InChI=1S/C3H8/c1-3-2/h3H2,1-2H3',1,0
'O2C2H4O2H','OOCCO[O]','InChI=1S/C2H5O4/c3-5-1-2-6-4/h3H,1-2H2',2,0
'DMM-OQOOH1','O=COCOCOO',' InChI=1S/C3H6O5/c4-1-6-2-7-3-8-5/h1,5H,2-3H2',1,0
'CH3OCH2O2H','COCOO','InChI=1S/C2H6O3/c1-4-2-5-3/h3H,2H2,1H3',1,0
'C3H4-P','C#CC','InChI=1S/C3H4/c1-3-2/h1H,2H3',1,0
'CH2','[CH2]','InChI=1S/CH2/h1H2',3,0
'FULVENE','C=C1C=CC=C1','InChI=1S/C6H6/c1-6-4-2-3-5-6/h2-5H,1H2',1,0
'AC3H5OOH','C=CCOO','InChI=1S/C3H6O2/c1-2-3-5-4/h2,4H,1,3H2',1,0
'CH2O','C=O','InChI=1S/CH2O/c1-2/h1H2',1,0
'C2H2','C#C','InChI=1S/C2H2/c1-2/h1-2H',1,0
'HCCO','C#C[O]','InChI=1S/C2HO/c1-2-3/h1H',2,0
'C2H5CHO','CCC=O','InChI=1S/C3H6O/c1-2-3-4/h3H,2H2,1H3',1,0
'CH3CO3','CC(=O)O[O]','InChI=1S/C2H3O3/c1-2(3)5-4/h1H3',2,0
'HCO','[CH]=O','InChI=1S/CHO/c1-2/h1H',2,0
'CH2CHO','C=C[O]','InChI=1S/C2H3O/c1-2-3/h2H,1H2',2,0
'DMM-RO1','COCOC[O]','InChI=1S/C3H7O3/c1-5-3-6-2-4/h2-3H2,1H3',2,0
'C2H5O2','CCO[O]','InChI=1S/C2H5O2/c1-2-4-3/h2H2,1H3',2,0
'DMM-RO21','COCOCO[O]','InChI=1S/C3H7O4/c1-5-2-6-3-7-4/h2-3H2,1H3',2,0
'HO2CH2CHO','O=CCOO','InChI=1S/C2H4O3/c3-1-2-5-4/h1,4H,2H2',1,0
'DMM-QOOH1','[CH2]OCOCOO',' InChI=1S/C3H7O4/c1-5-2-6-3-7-4/h4H,1-3H2',2,0
'C3H6OH1-2','CC1CO1','InChI=1S/C3H6O/c1-3-2-4-3/h3H,2H2,1H3',1,0
'CH2(S)','[CH2]','InChI=1S/CH2/h1H2',1,0
'DME-QOOH','[CH2]OCOO','InChI=1S/C2H5O3/c1-4-2-5-3/h3H,1-2H2',2,0
'H2','[H][H]','InChI=1S/H2/h1H',1,0
'C','[C]','InChI=1S/C',1,0
'CH3OCH2','[CH2]OC','InChI=1S/C2H5O/c1-3-2/h1H2,2H3',2,0
'DMM','COCOC','InChI=1S/C3H8O2/c1-4-3-5-2/h3H2,1-2H3',1,0
'CH3','[CH3]','InChI=1S/CH3/h1H3',2,0
'CO2','O=C=O','InChI=1S/CO2/c2-1-3',1,0
'HOCH2O','OC[O]','InChI=1S/CH3O2/c2-1-3/h2H,1H2',2,0
'CH3CHCO','CC=C=O','InChI=1S/C3H4O/c1-2-3-4/h2H,1H3',1,0
'IC4H9','[CH2]C(C)C','InChI=1S/C4H9/c1-4(2)3/h4H,1H2,2-3H3',2,0
'HO2CHO','O=COO','InChI=1S/CH2O3/c2-1-4-3/h1,3H',1,0
'DMM-OQOOH2','COC(OC=O)OO','InChI=1S/C3H6O5/c1-6-3(8-5)7-2-4/h2-3,5H,1H3',1,0
'OH','[OH]','InChI=1S/HO/h1H',2,0
'C2H3CHO','C=CC=O','InChI=1S/C3H4O/c1-2-3-4/h2-3H,1H2',1,0
'C4H8-1','C=CCC','InChI=1S/C4H8/c1-3-4-2/h3H,1,4H2,2H3',1,0
'C3H3','C#C[CH2]','InChI=1S/C3H3/c1-3-2/h1H,2H2',2,0
'C2H4O1-2','C1CO1','InChI=1S/C2H4O/c1-2-3-1/h1-2H2',1,0
'C3H2','C#C[CH]','InChI=1S/C3H2/c1-3-2/h1-2H',3,0
'OCHO','O=C[O]','InChI=1S/CHO2/c2-1-3/h1H',2,0
'O','[O]','InChI=1S/O',3,0
'H2O','O','InChI=1S/H2O/h1H2',1,0
'IC4H8','C=C(C)C','InChI=1S/C4H8/c1-4(2)3/h1H2,2-3H3',1,0
'DMM-O2QOOH2','COC(OCOO)O[O]','InChI=1S/C3H7O6/c1-6-3(9-5)7-2-8-4/h3-4H,2H2,1H3',2,0
'O2','O=O','InChI=1S/O2/c1-2',3,0
'CH3OH','CO','InChI=1S/CH4O/c1-2/h2H,1H3',1,0
'SC4H9','C[CH]CC','InChI=1S/C4H9/c1-3-4-2/h3H,4H2,1-2H3',2,0
'DMM-QOOH3','[CH2]OC(OC)OO','InChI=1S/C3H7O4/c1-5-3(6-2)7-4/h3-4H,1H2,2H3',2,0
'HOC3H6O2','CC(CO)O[O]','InChI=1S/C3H7O3/c1-3(2-4)6-5/h3-4H,2H2,1H3',2,0
'CH3COCH2','C=C(C)[O]','InChI=1S/C3H5O/c1-3(2)4/h1H2,2H3',2,0
'C6H5','C=1C=C[C]=CC=1','InChI=1S/C6H5/c1-2-4-6-5-3-1/h1-5H',2,0
'C5H6','C=1C=CCC=1','InChI=1S/C5H6/c1-2-4-5-3-1/h1-4H,5H2',1,0
'C3H6OH2-1','[CH2]C(C)O','InChI=1S/C3H7O/c1-3(2)4/h3-4H,1H2,2H3',2,0
'DMM-RO22','COC(OC)O[O]','InChI=1S/C3H7O4/c1-5-3(6-2)7-4/h3H,1-2H3',2,0
'CH4','C','InChI=1S/CH4/h1H4',1,0
'C4H71-3','C=C[CH]C','InChI=1S/C4H7/c1-3-4-2/h3-4H,1H2,2H3',2,0
'CH3CHO','CC=O','InChI=1S/C2H4O/c1-2-3/h2H,1H3',1,0
'HOCO','O[C]=O','InChI=1S/CHO2/c2-1-3/h(H,2,3)',2,0
'C2H5O','CC[O]','InChI=1S/C2H5O/c1-2-3/h2H2,1H3',2,0
'C10H8','C=1C=CC=2C=CC=CC=2C=1','InChI=1S/C10H8/c1-2-6-10-8-4-3-7-9(10)5-1/h1-8H',1,0
'C4H8-2','CC=CC','InChI=1S/C4H8/c1-3-4-2/h3-4H,1-2H3',1,0
'CH2OHCHO','C=COO','InChI=1S/C2H4O2/c1-2-4-3/h2-3H,1H2',1,0
'CO','[C]=O','InChI=1S/CO/c1-2',1,0
'C2H5','[CH2]C','InChI=1S/C2H5/c1-2/h1H2,2H3',2,0
'DMM-QOOH2','CO[CH]OCOO','InChI=1S/C3H7O4/c1-5-2-6-3-7-4/h2,4H,3H2,1H3',2,0
'HOCHO','OC=O','InChI=1S/CH2O2/c2-1-3/h1H,(H,2,3)',1,0
'H','[H]','InChI=1S/H',2,0
'CH3COCH3','CC(C)=O','InChI=1S/C3H6O/c1-3(2)4/h1-2H3',1,0
'NC4H10','CCCC','InChI=1S/C4H10/c1-3-4-2/h3-4H2,1-2H3',1,0
'C3H6O','CC(C)=O','InChI=1S/C3H6O/c1-3(2)4/h1-2H3',1,0
'C4H71-O','C=CC(C)[O]','InChI=1S/C4H7O/c1-3-4(2)5/h3-4H,1H2,2H3',2,0
'AC4H7OOH','C=CCOOC','InChI=1S/C4H8O2/c1-3-4-6-5-2/h3H,1,4H2,2H3',1,0
'C4H6','C=CC=C','InChI=1S/C4H6/c1-3-4-2/h3-4H,1-2H2',1,0
'HO2','O[O]','InChI=1S/HO2/c1-2/h1H',2,0
'C3H4-A','C=C=C','InChI=1S/C3H4/c1-3-2/h1-2H2',1,0
'C2H3','[CH]=C','InChI=1S/C2H3/c1-2/h1H,2H2',2,0
'C4H2','C#CC#C','InChI=1S/C4H2/c1-3-4-2/h1-2H',1,0
'DME-OQOOH','O=COCOO','InChI=1S/C2H4O4/c3-1-5-2-6-4/h1,4H,2H2',1,0
'AR','[Ar]','InChI=1S/Ar',1,0
'IC4H7','[CH2]C(=C)C','InChI=1S/C4H7/c1-4(2)3/h1-2H2,3H3',2,0
'C4H5','[CH]=CC=C','InChI=1S/C4H5/c1-3-4-2/h1,3-4H,2H2',2,0
'DMM-cycleth1','C1OCOCO1','InChI=1S/C3H6O3/c1-4-2-6-3-5-1/h1-3H2',1,0
'CH','[CH]','InChI=1S/CH/h1H',2,0
'CH3OCOOH','COC(O)=O','InChI=1S/C2H4O3/c1-5-2(3)4/h1H3,(H,3,4)',1,0
'CH3O','C[O]','InChI=1S/CH3O/c1-2/h1H3',2,0
'C3H5O','C=CC[O]','InChI=1S/C3H5O/c1-2-3-4/h2H,1,3H2',2,0
'C3H5-A','C=C[CH2]','InChI=1S/C3H5/c1-3-2/h3H,1-2H2',2,0
'C2H3O1-2','[CH]1CO1','InChI=1S/C2H3O/c1-2-3-1/h1H,2H2',2,0
'C2H6','CC','InChI=1S/C2H6/c1-2/h1-2H3',1,0
'CH3O2H','COO','InChI=1S/CH4O2/c1-3-2/h2H,1H3',1,0
'C6H6','C=1C=CC=CC=1','InChI=1S/C6H6/c1-2-4-6-5-3-1/h1-6H',1,0
'PC2H4OH','[CH2]CO','InChI=1S/C2H5O/c1-2-3/h3H,1-2H2',2,0
'C2H4','C=C','InChI=1S/C2H4/c1-2/h1-2H2',1,0
'DMM-R2','CO[CH]OC','InChI=1S/C3H7O2/c1-4-3-5-2/h3H,1-2H3',2,0
'C5H5','C1=CC=C[CH]1','InChI=1S/C5H5/c1-2-4-5-3-1/h1-5H',2,0
'DME-OOQOOH','OOCOCO[O]','InChI=1S/C2H5O5/c3-6-1-5-2-7-4/h3H,1-2H2',2,0
'C2H5O2H','CCOO','InChI=1S/C2H6O2/c1-2-4-3/h3H,2H2,1H3',1,0
'SC3H5OH','CC=CO','InChI=1S/C3H6O/c1-2-3-4/h2-4H,1H3',1,0
'CH2CO','C=C=O','InChI=1S/C2H2O/c1-2-3/h1H2',1,0
'RALD3','CC[C]=O','InChI=1S/C3H5O/c1-2-3-4/h2H2,1H3',2,0
'HOCH2OCO','O=COCO','InChI=1S/C2H4O3/c3-1-5-2-4/h1,4H,2H2',1,0
'CH3OCHO','COC=O','InChI=1S/C2H4O2/c1-4-2-3/h2H,1H3',1,0
'C2H5OH','CCO','InChI=1S/C2H6O/c1-2-3/h3H,2H2,1H3',1,0
'N2','N#N','InChI=1S/N2/c1-2',1,0
'C2H4O2H','[CH2]COO','InChI=1S/C2H5O2/c1-2-4-3/h3H,1-2H2',2,0
'CH3CHCHO','C[CH]C=O','InChI=1S/C3H5O/c1-2-3-4/h2-3H,1H3',2,0
'C3H5-T','C=[C]C','InChI=1S/C3H5/c1-3-2/h1H2,2H3',2,0
'CH3OCH3','COC','InChI=1S/C2H6O/c1-3-2/h1-2H3',1,0
'IC3H7','C[CH]C','InChI=1S/C3H7/c1-3-2/h3H,1-2H3',2,0
'CH3OCH2O','COC[O]','InChI=1S/C2H5O2/c1-4-2-3/h2H2,1H3',2,0
'C2H','C#[C]','InChI=1S/C2H/c1-2/h1H',2,0
'DMM-O2QOOH3','COC(OCO[O])OO','InChI=1S/C3H7O6/c1-6-3(9-5)7-2-8-4/h3,5H,2H2,1H3',2,0
'C3H5OH','C=CCO','InChI=1S/C3H6O/c1-2-3-4/h2,4H,1,3H2',1,0
'DMM-OQOOH3','COC(=O)OCOO','InChI=1S/C3H6O5/c1-6-3(4)7-2-8-5/h5H,2H2,1H3',1,0
'DMM-cycleth2','COC1OCO1','InChI=1S/C3H6O3/c1-4-3-5-2-6-3/h3H,2H2,1H3',1,0
'SC2H4OH','C[CH]O','InChI=1S/C2H5O/c1-2-3/h2-3H,1H3',2,0
'NC3H7','[CH2]CC','InChI=1S/C3H7/c1-3-2/h1,3H2,2H3',2,0
'CH2OH','[CH2]O','InChI=1S/CH3O/c1-2/h2H,1H2',2,0
'HOCOOH','OCOO','InChI=1S/CH4O3/c2-1-4-3/h2-3H,1H2',1,0
'H2O2','OO','InChI=1S/H2O2/c1-2/h1-2H',1,0
'CH2CH2CHO','[CH2]CC=O','InChI=1S/C3H5O/c1-2-3-4/h3H,1-2H2',2,0
'CH2CCH2OH','C=[C]CO','InChI=1S/C3H5O/c1-2-3-4/h4H,1,3H2',2,0
